#,Date,Site,Cars,Winner(s),St,Make / Model,Len,Sfc,Miles,Purse,Pole,Cau,Laps,Speed,LC,Year,RaceID,TrackType,TrackID
1,2/18/01,Daytona,43,Michael Waltrip,19,Chevrolet,2.5,P,500,"9,678,524",183.565,3,14,161.783,49,2001,2001_01_W,Restrictor Plate Track,dis
2,2/26/01,Rockingham,43,Steve Park,2,Chevrolet,1.017,P,400,"2,582,472",156.455,4,52,111.877,20,2001,2001_02_W,Steep,ris
3,3/4/01,Las Vegas,43,Jeff Gordon,24,Chevrolet,1.5,P,401,"3,970,061",172.106,6,25,135.546,20,2001,2001_03_W,Steep,las
4,3/11/01,Atlanta,43,Kevin Harvick,5,Chevrolet,1.54,P,501,"2,625,072",192.748,8,42,143.273,25,2001,2001_04_W,Large Oval,ams
5,3/18/01,Darlington,43,Dale Jarrett,2,Ford,1.366,P,400,"2,523,427", ,7,38,126.557,12,2001,2001_05_W,Steep,dar
6,3/25/01,Bristol,43,Elliott Sadler,38,Ford,0.533,P,267,"2,980,444",126.303,13,87,86.949,18,2001,2001_06_W,Steep,bms
7,4/1/01,Fort Worth,43,Dale Jarrett,3,Ford,1.5,P,501,"4,314,429",190.678,10,44,141.804,18,2001,2001_07_W,Large Oval,tms
8,4/8/01,Martinsville,43,Dale Jarrett,13,Ford,0.526,P,263,"2,534,823",94.087,12,98,70.799,15,2001,2001_08_W,Flat,mar
9,4/22/01,Talladega,43,Bobby Hamilton,14,Chevrolet,2.66,P,500,"3,233,740",184.861,0,0,184.003,37,2001,2001_09_W,Restrictor Plate Track,tal
10,4/29/01,Fontana,43,Rusty Wallace,19,Ford,2,P,500,"3,322,207",182.635,6,29,143.118,23,2001,2001_10_W,Large Oval,cal
11,5/5/01,Richmond,43,Tony Stewart,7,Pontiac,0.75,P,300,"2,681,976",124.613,8,58,95.872,12,2001,2001_11_W,Flat,rir
12,5/27/01,Charlotte,43,Jeff Burton,18,Ford,1.5,P,600,"3,626,124",185.217,6,45,138.107,28,2001,2001_12_W,Large Oval,lms
13,6/3/01,Dover,43,Jeff Gordon,2,Chevrolet,1,P,400,"3,100,428", ,5,31,120.361,16,2001,2001_13_W,Steep,dov
14,6/10/01,Michigan,43,Jeff Gordon,1,Chevrolet,2,P,400,"2,794,821",188.25,8,34,134.203,17,2001,2001_14_W,Large Oval,mis
15,6/17/01,Pocono,43,Ricky Rudd,1,Ford,2.5,P,500,"2,672,388",170.503,7,26,134.389,13,2001,2001_15_W,Flat,poc
16,6/24/01,Sonoma,43,Tony Stewart,3,Pontiac,2,R,224,"2,940,549",93.699,5,16,75.889,10,2001,2001_16_W,Road,spr
17,7/7/01,Daytona,43,"Dale Earnhardt, Jr.",13,Chevrolet,2.5,P,400,"3,261,388",183.778,3,15,157.601,14,2001,2001_17_W,Restrictor Plate Track,dis
18,7/15/01,Chicago,43,Kevin Harvick,6,Chevrolet,1.5,P,401,"2,827,580",183.717,10,56,121.2,14,2001,2001_18_W,Large Oval,chi
19,7/22/01,Loudon,43,Dale Jarrett,9,Ford,1.058,P,317,"2,958,183",131.77,10,51,102.131,10,2001,2001_19_W,Flat,nhi
20,7/29/01,Pocono,43,Bobby Labonte,11,Pontiac,2.5,P,500,"2,616,268",170.326,6,24,134.59,20,2001,2001_20_W,Flat,poc
21,8/5/01,Indianapolis,43,Jeff Gordon,27,Chevrolet,2.5,P,400,"5,838,663",179.666,7,28,130.79,18,2001,2001_21_W,Flat,ims
22,8/12/01,Watkins Glen,43,Jeff Gordon,13,Chevrolet,2.45,R,221,"2,550,246",122.698,5,13,89.081,13,2001,2001_22_W,Road,wgi
23,8/19/01,Michigan,43,Sterling Marlin,15,Dodge,2,P,324,"2,727,161",188.127,3,18,140.513,16,2001,2001_23_W,Large Oval,mis
24,8/25/01,Bristol,43,Tony Stewart,18,Pontiac,0.533,P,267,"3,297,723",123.674,16,93,85.106,11,2001,2001_24_W,Steep,bms
25,9/2/01,Darlington,43,Ward Burton,37,Dodge,1.366,P,501,"2,892,443",168.048,11,51,122.773,19,2001,2001_25_W,Steep,dar
26,9/8/01,Richmond,43,Ricky Rudd,9,Ford,0.75,P,300,"2,700,376",124.902,12,80,95.146,8,2001,2001_26_W,Flat,rir
27,9/23/01,Dover,43,"Dale Earnhardt, Jr.",3,Chevrolet,1,P,400,"3,046,958",154.919,11,71,101.559,13,2001,2001_27_W,Steep,dov
28,9/30/01,Kansas,43,Jeff Gordon,2,Chevrolet,1.5,P,401,"3,320,837",176.499,13,70,110.576,19,2001,2001_28_W,Large Oval,kan
29,10/7/01,Charlotte,43,Sterling Marlin,13,Dodge,1.5,P,501,"2,782,648",185.147,8,40,139.006,19,2001,2001_29_W,Large Oval,lms
30,10/15/01,Martinsville,43,Ricky Craven,6,Ford,0.526,P,263,"2,488,763",93.724,13,81,75.75,19,2001,2001_30_W,Flat,mar
31,10/21/01,Talladega,43,"Dale Earnhardt, Jr.",6,Chevrolet,2.66,P,500,"2,906,524",185.24,3,16,164.185,32,2001,2001_31_W,Restrictor Plate Track,tal
32,10/28/01,Phoenix,43,Jeff Burton,3,Ford,1,P,312,"3,069,815",131.296,7,45,102.613,15,2001,2001_32_W,Flat,pir
33,11/4/01,Rockingham,43,Joe Nemechek,13,Chevrolet,1.017,P,400,"2,649,536",154.69,2,16,128.941,15,2001,2001_33_W,Steep,ris
34,11/11/01,Homestead,43,Bill Elliott,1,Dodge,1.5,P,401,"3,241,781",155.226,6,41,117.449,19,2001,2001_34_W,Steep,hms
35,11/18/01,Atlanta,43,Bobby Labonte,39,Pontiac,1.54,P,501,"3,348,306",192.047,5,28,151.756,23,2001,2001_35_W,Large Oval,ams
36,11/23/01,Loudon,42,Robby Gordon,31,Chevrolet,1.058,P,317,"2,862,082", ,7,43,103.594,10,2001,2001_36_W,Flat,nhi
1,2/17/02,Daytona,43,Ward Burton,19,Dodge,2.5,P,500,"10,573,184",185.831,9,38,142.971,20,2002,2002_01_W,Restrictor Plate Track,dis
2,2/24/02,Rockingham,43,Matt Kenseth,25,Ford,1.017,P,400,"2,949,536",156.008,10,57,115.478,17,2002,2002_02_W,Steep,ris
3,3/3/02,Las Vegas,43,Sterling Marlin,24,Dodge,1.5,P,401,"4,137,735",172.85,6,25,136.754,22,2002,2002_03_W,Steep,las
4,3/10/02,Atlanta,43,Tony Stewart,9,Pontiac,1.54,P,501,"2,911,575",191.542,7,37,148.443,34,2002,2002_04_W,Large Oval,ams
5,3/17/02,Darlington,43,Sterling Marlin,11,Dodge,1.366,P,400,"2,834,398",170.089,5,40,126.07,11,2002,2002_05_W,Steep,dar
6,3/24/02,Bristol,43,Kurt Busch,27,Ford,0.533,P,267,"3,323,726",127.216,14,101,82.281,14,2002,2002_06_W,Steep,bms
7,4/8/02,Fort Worth,43,Matt Kenseth,31,Ford,1.5,P,501,"4,676,954",194.224,7,41,142.453,24,2002,2002_07_W,Large Oval,tms
8,4/14/02,Martinsville,43,Bobby Labonte,15,Pontiac,0.526,P,263,"2,855,415",94.181,14,104,73.951,19,2002,2002_08_W,Flat,mar
9,4/21/02,Talladega,43,"Dale Earnhardt, Jr.",4,Chevrolet,2.66,P,500,"3,592,402",186.532,3,19,159.022,26,2002,2002_09_W,Restrictor Plate Track,tal
10,4/28/02,Fontana,43,Jimmie Johnson,4,Chevrolet,2,P,500,"3,697,421",187.432,5,24,150.088,20,2002,2002_10_W,Large Oval,cal
11,5/5/02,Richmond,43,Tony Stewart,3,Pontiac,0.75,P,300,"3,018,747",127.389,14,103,86.824,13,2002,2002_11_W,Flat,rir
12,5/26/02,Charlotte,43,Mark Martin,25,Ford,1.5,P,600,"4,028,334",186.464,9,48,137.729,21,2002,2002_12_W,Large Oval,lms
13,6/2/02,Dover,43,Jimmie Johnson,10,Chevrolet,1,P,400,"3,450,082",154.939,7,40,117.551,14,2002,2002_13_W,Steep,dov
14,6/9/02,Pocono,43,Dale Jarrett,13,Ford,2.5,P,500,"2,930,864", ,5,17,143.426,17,2002,2002_14_W,Flat,poc
15,6/16/02,Michigan,43,Matt Kenseth,20,Ford,2,P,400,"3,087,454",189.071,4,16,154.822,15,2002,2002_15_W,Large Oval,mis
16,6/23/02,Sonoma,43,Ricky Rudd,7,Ford,1.99,R,219,"3,277,733",93.476,3,9,81.007,10,2002,2002_16_W,Road,spr
17,7/6/02,Daytona,43,Michael Waltrip,7,Chevrolet,2.5,P,400,"3,748,119",185.041,9,39,135.952,6,2002,2002_17_W,Restrictor Plate Track,dis
18,7/14/02,Chicago,43,Kevin Harvick,32,Chevrolet,1.5,P,401,"3,691,183",183.051,7,35,136.832,19,2002,2002_18_W,Large Oval,chi
19,7/21/02,Loudon,43,Ward Burton,31,Dodge,1.058,P,317,"3,222,384",131.469,14,77,92.342,23,2002,2002_19_W,Flat,nhi
20,7/28/02,Pocono,43,Bill Elliott,1,Dodge,2.5,P,438,"2,885,774",170.568,5,29,125.809,17,2002,2002_20_W,Flat,poc
21,8/4/02,Indianapolis,43,Bill Elliott,2,Dodge,2.5,P,400,"6,255,321",182.96,8,36,125.033,16,2002,2002_21_W,Flat,ims
22,8/11/02,Watkins Glen,43,Tony Stewart,3,Pontiac,2.45,R,221,"2,822,353",122.696,7,18,82.208,12,2002,2002_22_W,Road,wgi
23,8/18/02,Michigan,43,Dale Jarrett,8,Ford,2,P,400,"3,031,889",189.668,7,30,140.556,23,2002,2002_23_W,Large Oval,mis
24,8/24/02,Bristol,43,Jeff Gordon,1,Chevrolet,0.533,P,267,"3,678,797",124.034,15,118,77.097,10,2002,2002_24_W,Steep,bms
25,9/1/02,Darlington,43,Jeff Gordon,3,Chevrolet,1.366,P,501,"3,194,462", ,9,63,118.617,14,2002,2002_25_W,Steep,dar
26,9/7/02,Richmond,43,Matt Kenseth,25,Ford,0.75,P,300,"2,975,282",126.145,10,65,94.787,14,2002,2002_26_W,Flat,rir
27,9/15/02,Loudon,43,Ryan Newman,1,Ford,1.058,P,219,"3,222,384",132.241,3,24,105.081,7,2002,2002_27_W,Flat,nhi
28,9/22/02,Dover,43,Jimmie Johnson,19,Chevrolet,1,P,400,"3,203,610",156.822,6,37,120.805,15,2002,2002_28_W,Steep,dov
29,9/29/02,Kansas,43,Jeff Gordon,10,Chevrolet,1.5,P,401,"3,631,918",177.924,11,52,119.394,13,2002,2002_29_W,Large Oval,kan
30,10/6/02,Talladega,43,"Dale Earnhardt, Jr.",13,Chevrolet,2.66,P,500,"3,209,957", ,0,0,183.665,35,2002,2002_30_W,Restrictor Plate Track,tal
31,10/13/02,Charlotte,43,Jamie McMurray,5,Dodge,1.5,P,501,"3,085,520", ,5,33,141.481,23,2002,2002_31_W,Large Oval,lms
32,10/20/02,Martinsville,43,Kurt Busch,36,Ford,0.526,P,263,"2,758,230",92.837,12,65,74.651,12,2002,2002_32_W,Flat,mar
33,10/27/02,Atlanta,43,Kurt Busch,8,Ford,1.54,P,382,"3,727,170", ,5,50,127.519,19,2002,2002_33_W,Large Oval,ams
34,11/3/02,Rockingham,43,"Johnny Benson, Jr.",26,Pontiac,1.017,P,400,"2,924,042",155.836,4,22,128.526,22,2002,2002_34_W,Steep,ris
35,11/10/02,Phoenix,43,Matt Kenseth,28,Ford,1,P,312,"3,648,023",132.655,4,18,113.857,14,2002,2002_35_W,Flat,pir
36,11/17/02,Homestead,43,Kurt Busch,1,Ford,1.5,P,401,"3,349,939",154.365,6,41,116.462,12,2002,2002_36_W,Steep,hms
1,2/16/03,Daytona,43,Michael Waltrip,4,Chevrolet,2.5,P,273,"11,995,846",186.606,5,23,133.87,11,2003,2003_01_W,Restrictor Plate Track,dis
2,2/23/03,Rockingham,43,Dale Jarrett,9,Ford,1.017,P,400,"3,152,468",154.683,7,46,117.852,20,2003,2003_02_W,Steep,ris
3,3/2/03,Las Vegas,43,Matt Kenseth,17,Ford,1.5,P,401,"4,524,963",173.016,6,30,132.934,17,2003,2003_03_W,Steep,las
4,3/9/03,Atlanta,43,Bobby Labonte,4,Chevrolet,1.54,P,501,"3,281,499",191.417,7,34,146.048,23,2003,2003_04_W,Large Oval,ams
5,3/16/03,Darlington,43,Ricky Craven,31,Pontiac,1.366,P,400,"3,087,374",170.147,7,33,126.214,15,2003,2003_05_W,Steep,dar
6,3/23/03,Bristol,43,Kurt Busch,9,Ford,0.533,P,267,"3,720,193",128.709,17,121,76.185,11,2003,2003_06_W,Steep,bms
7,3/30/03,Fort Worth,43,Ryan Newman,3,Dodge,1.5,P,501,"5,019,723",193.514,10,52,134.517,19,2003,2003_07_W,Large Oval,tms
8,4/6/03,Talladega,43,"Dale Earnhardt, Jr.",13,Chevrolet,2.66,P,500,"4,183,236",186.489,6,32,144.625,43,2003,2003_08_W,Restrictor Plate Track,tal
9,4/13/03,Martinsville,43,Jeff Gordon,1,Chevrolet,0.526,P,263,"3,200,586",94.307,11,64,75.557,14,2003,2003_09_W,Flat,mar
10,4/27/03,Fontana,43,Kurt Busch,16,Ford,2,P,500,"4,235,281",186.838,8,34,140.111,19,2003,2003_10_W,Large Oval,cal
11,5/3/03,Richmond,43,Joe Nemechek,2,Chevrolet,0.75,P,295,"3,309,595",126.511,15,91,86.783,20,2003,2003_11_W,Flat,rir
12,5/25/03,Charlotte,43,Jimmie Johnson,37,Chevrolet,1.5,P,414,"4,649,640",185.312,8,46,126.198,16,2003,2003_12_W,Large Oval,lms
13,6/1/03,Dover,43,Ryan Newman,1,Dodge,1,P,400,"3,830,083",158.716,9,68,106.896,16,2003,2003_13_W,Steep,dov
14,6/8/03,Pocono,43,Tony Stewart,4,Chevrolet,2.5,P,500,"3,245,776",170.645,5,25,134.892,28,2003,2003_14_W,Flat,poc
15,6/15/03,Michigan,43,Kurt Busch,4,Ford,2,P,400,"3,407,975",190.365,9,41,131.219,22,2003,2003_15_W,Large Oval,mis
16,6/22/03,Sonoma,43,Robby Gordon,2,Chevrolet,1.99,R,219,"3,621,824",93.62,6,16,73.821,6,2003,2003_16_W,Road,spr
17,7/5/03,Daytona,43,Greg Biffle,30,Ford,2.5,P,400,"4,089,419",184.752,2,10,166.109,17,2003,2003_17_W,Restrictor Plate Track,dis
18,7/13/03,Chicago,43,Ryan Newman,14,Dodge,1.5,P,401,"4,027,502",184.786,7,36,134.059,13,2003,2003_18_W,Large Oval,chi
19,7/20/03,Loudon,43,Jimmie Johnson,6,Chevrolet,1.058,P,317,"3,540,335", ,12,63,96.924,14,2003,2003_19_W,Flat,nhi
20,7/27/03,Pocono,43,Ryan Newman,1,Dodge,2.5,P,500,"3,245,776",170.358,8,36,127.705,18,2003,2003_20_W,Flat,poc
21,8/3/03,Indianapolis,43,Kevin Harvick,1,Chevrolet,2.5,P,400,"6,698,237",184.343,5,25,134.554,17,2003,2003_21_W,Flat,ims
22,8/10/03,Watkins Glen,43,Robby Gordon,14,Chevrolet,2.45,R,221,"3,123,816",124.58,6,14,90.441,8,2003,2003_22_W,Road,wgi
23,8/17/03,Michigan,43,Ryan Newman,2,Dodge,2,P,400,"3,405,184",190.24,8,46,127.31,14,2003,2003_23_W,Large Oval,mis
24,8/23/03,Bristol,43,Kurt Busch,5,Ford,0.533,P,267,"4,103,475",127.597,20,119,77.421,11,2003,2003_24_W,Steep,bms
25,8/31/03,Darlington,43,Terry Labonte,3,Chevrolet,1.366,P,501,"3,574,324",169.048,10,55,120.733,24,2003,2003_25_W,Steep,dar
26,9/6/03,Richmond,43,Ryan Newman,4,Dodge,0.75,P,300,"3,325,995",125.792,14,76,94.945,20,2003,2003_26_W,Flat,rir
27,9/14/03,Loudon,43,Jimmie Johnson,8,Chevrolet,1.058,P,317,"3,551,275",133.357,6,38,106.58,20,2003,2003_27_W,Flat,nhi
28,9/21/03,Dover,43,Ryan Newman,5,Dodge,1,P,400,"3,570,445", ,7,63,108.802,13,2003,2003_28_W,Steep,dov
29,9/28/03,Talladega,43,Michael Waltrip,18,Chevrolet,2.66,P,500,"3,562,312",189.943,5,23,156.045,41,2003,2003_29_W,Restrictor Plate Track,tal
30,10/5/03,Kansas,43,Ryan Newman,11,Dodge,1.5,P,401,"4,015,302",180.373,9,47,121.63,23,2003,2003_30_W,Large Oval,kan
31,10/11/03,Charlotte,43,Tony Stewart,6,Chevrolet,1.5,P,501,"3,503,369",186.657,5,31,142.871,15,2003,2003_31_W,Large Oval,lms
32,10/19/03,Martinsville,43,Jeff Gordon,1,Chevrolet,0.526,P,263,"3,131,566",93.65,15,119,67.658,9,2003,2003_32_W,Flat,mar
33,10/28/03,Atlanta,43,Jeff Gordon,19,Chevrolet,1.54,P,501,"4,102,276",194.295,10,63,127.769,28,2003,2003_33_W,Large Oval,ams
34,11/2/03,Phoenix,43,"Dale Earnhardt, Jr.",11,Chevrolet,1,P,312,"3,515,336",133.675,10,66,93.984,10,2003,2003_34_W,Flat,pir
35,11/9/03,Rockingham,43,Bill Elliott,5,Dodge,1.017,P,400,"3,284,855",155.577,10,65,111.677,14,2003,2003_35_W,Steep,ris
36,11/16/03,Homestead,43,Bobby Labonte,2,Chevrolet,1.5,P,401,"3,674,430",181.111,10,60,116.868,21,2003,2003_36_W,Steep,hms
1,2/15/04,Daytona,43,"Dale Earnhardt, Jr.",3,Chevrolet,2.5,P,500,"13,658,808",188.387,4,23,156.345,26,2004,2004_01_W,Restrictor Plate Track,dis
2,2/22/04,Rockingham,43,Matt Kenseth,23,Ford,1.017,P,400,"3,646,146",156.475,7,58,112.016,15,2004,2004_02_W,Steep,ris
3,3/7/04,Las Vegas,43,Matt Kenseth,25,Ford,1.5,P,401,"4,781,933",174.904,6,37,128.79,18,2004,2004_03_W,Steep,las
4,3/14/04,Atlanta,43,"Dale Earnhardt, Jr.",7,Chevrolet,1.54,P,501,"3,629,061",193.575,3,17,158.679,16,2004,2004_04_W,Large Oval,ams
5,3/21/04,Darlington,43,Jimmie Johnson,11,Chevrolet,1.366,P,400,"3,479,589",171.716,9,58,114.001,22,2004,2004_05_W,Steep,dar
6,3/28/04,Bristol,43,Kurt Busch,13,Ford,0.533,P,267,"4,108,366",128.314,11,85,82.607,13,2004,2004_06_W,Steep,bms
7,4/4/04,Fort Worth,43,Elliott Sadler,19,Ford,1.5,P,501,"5,318,445",193.903,7,45,138.845,24,2004,2004_07_W,Large Oval,tms
8,4/18/04,Martinsville,43,Rusty Wallace,17,Dodge,0.526,P,263,"3,637,416",93.502,11,106,68.169,10,2004,2004_08_W,Flat,mar
9,4/25/04,Talladega,43,Jeff Gordon,11,Chevrolet,2.66,P,500,"4,463,786",191.18,11,55,129.396,54,2004,2004_09_W,Restrictor Plate Track,tal
10,5/2/04,Fontana,43,Jeff Gordon,16,Chevrolet,2,P,500,"4,516,016",186.94,6,39,137.268,23,2004,2004_10_W,Large Oval,cal
11,5/15/04,Richmond,43,"Dale Earnhardt, Jr.",4,Chevrolet,0.75,P,300,"3,790,776",129.983,9,66,98.253,19,2004,2004_11_W,Flat,rir
12,5/30/04,Charlotte,43,Jimmie Johnson,1,Chevrolet,1.5,P,600,"4,929,502",187.052,7,37,142.763,16,2004,2004_12_W,Large Oval,lms
13,6/6/04,Dover,43,Mark Martin,7,Ford,1,P,400,"4,286,034",161.522,11,90,97.042,13,2004,2004_13_W,Steep,dov
14,6/13/04,Pocono,43,Jimmie Johnson,5,Chevrolet,2.5,P,500,"3,644,659",172.533,11,57,112.129,30,2004,2004_14_W,Flat,poc
15,6/20/04,Michigan,43,Ryan Newman,4,Dodge,2,P,400,"3,890,103",190.865,9,33,139.292,17,2004,2004_15_W,Large Oval,mis
16,6/27/04,Sonoma,43,Jeff Gordon,1,Chevrolet,1.99,R,219,"4,117,395",94.303,6,13,77.456,9,2004,2004_16_W,Road,spr
17,7/3/04,Daytona,43,Jeff Gordon,1,Chevrolet,2.5,P,400,"4,617,644",188.66,5,25,145.117,21,2004,2004_17_W,Restrictor Plate Track,dis
18,7/11/04,Chicago,43,Tony Stewart,10,Chevrolet,1.5,P,401,"4,513,082",186.942,9,43,129.507,20,2004,2004_18_W,Large Oval,chi
19,7/25/04,Loudon,43,Kurt Busch,32,Ford,1.058,P,317,"3,951,269",132.36,12,62,97.862,4,2004,2004_19_W,Flat,nhi
20,8/1/04,Pocono,43,Jimmie Johnson,14,Chevrolet,2.5,P,500,"3,694,382",171.72,9,35,126.271,16,2004,2004_20_W,Flat,poc
21,8/8/04,Indianapolis,43,Jeff Gordon,11,Chevrolet,2.5,P,403,"7,349,649",186.293,13,47,115.037,9,2004,2004_21_W,Flat,ims
22,8/15/04,Watkins Glen,43,Tony Stewart,4,Chevrolet,2.45,R,221,"3,548,594", ,5,11,92.249,13,2004,2004_22_W,Road,wgi
23,8/22/04,Michigan,43,Greg Biffle,24,Ford,2,P,400,"3,806,197", ,9,33,139.063,25,2004,2004_23_W,Large Oval,mis
24,8/28/04,Bristol,43,"Dale Earnhardt, Jr.",30,Chevrolet,0.533,P,267,"4,601,132",128.52,9,63,88.538,18,2004,2004_24_W,Steep,bms
25,9/5/04,Fontana,43,Elliott Sadler,17,Ford,2,P,500,"4,798,420",187.417,11,51,128.324,29,2004,2004_25_W,Large Oval,cal
26,9/11/04,Richmond,43,Jeremy Mayfield,7,Dodge,0.75,P,300,"3,731,483",128.7,10,57,98.946,20,2004,2004_26_W,Flat,rir
27,9/19/04,Loudon,43,Kurt Busch,7,Ford,1.058,P,317,"3,950,269", ,7,30,109.753,15,2004,2004_27_W,Flat,nhi
28,9/26/04,Dover,43,Ryan Newman,2,Dodge,1,P,400,"3,807,605",159.405,5,38,119.067,13,2004,2004_28_W,Steep,dov
29,10/3/04,Talladega,43,"Dale Earnhardt, Jr.",10,Chevrolet,2.66,P,500,"4,086,291",190.749,5,22,156.929,47,2004,2004_29_W,Restrictor Plate Track,tal
30,10/10/04,Kansas,43,Joe Nemechek,1,Chevrolet,1.5,P,401,"3,553,992",180.156,9,39,128.058,24,2004,2004_30_W,Large Oval,kan
31,10/16/04,Charlotte,43,Jimmie Johnson,9,Chevrolet,1.5,P,501,"3,833,964",188.877,11,53,130.214,18,2004,2004_31_W,Large Oval,lms
32,10/24/04,Martinsville,43,Jimmie Johnson,18,Chevrolet,0.526,P,263,"3,592,416",97.043,17,125,66.103,22,2004,2004_32_W,Flat,mar
33,10/31/04,Atlanta,43,Jimmie Johnson,8,Chevrolet,1.54,P,501,"4,556,572",191.575,6,33,145.847,16,2004,2004_33_W,Large Oval,ams
34,11/7/04,Phoenix,43,"Dale Earnhardt, Jr.",14,Chevrolet,1,P,315,"3,724,017",135.854,11,63,94.848,10,2004,2004_34_W,Flat,pir
35,11/14/04,Darlington,43,Jimmie Johnson,4,Chevrolet,1.366,P,501,"4,038,809", ,8,47,125.044,27,2004,2004_35_W,Steep,dar
36,11/21/04,Homestead,43,Greg Biffle,2,Ford,1.5,P,407,"3,948,250",179.319,14,79,105.623,14,2004,2004_36_W,Steep,hms
1,2/20/05,Daytona,43,Jeff Gordon,15,Chevrolet,2.5,P,508,"14,322,448",188.312,11,45,135.173,22,2005,2005_01_W,Restrictor Plate Track,dis
2,2/27/05,Fontana,43,Greg Biffle,5,Ford,2,P,500,"5,017,255",188.245,7,40,139.697,26,2005,2005_02_W,Large Oval,cal
3,3/13/05,Las Vegas,43,Jimmie Johnson,9,Chevrolet,1.5,P,401,"5,311,328",173.745,10,46,121.038,25,2005,2005_03_W,Steep,las
4,3/20/05,Atlanta,43,Carl Edwards,4,Ford,1.54,P,501,"4,091,540",194.69,8,40,143.478,27,2005,2005_04_W,Large Oval,ams
5,4/3/05,Bristol,43,Kevin Harvick,13,Chevrolet,0.533,P,267,"4,583,930",127.733,14,115,77.496,14,2005,2005_05_W,Steep,bms
6,4/10/05,Martinsville,43,Jeff Gordon,16,Chevrolet,0.526,P,263,"4,065,850",96.671,16,91,72.099,17,2005,2005_06_W,Flat,mar
7,4/17/05,Fort Worth,43,Greg Biffle,5,Ford,1.5,P,501,"5,142,903",192.582,11,56,130.055,25,2005,2005_07_W,Large Oval,tms
8,4/23/05,Phoenix,43,Kurt Busch,2,Ford,1,P,312,"4,104,822",133.675,9,43,102.707,16,2005,2005_08_W,Flat,pir
9,5/1/05,Talladega,43,Jeff Gordon,2,Chevrolet,2.66,P,516,"5,006,878",189.804,8,30,146.904,33,2005,2005_09_W,Restrictor Plate Track,tal
10,5/7/05,Darlington,43,Greg Biffle,3,Ford,1.366,P,505,"4,583,959",170.024,12,48,123.031,30,2005,2005_10_W,Steep,dar
11,5/14/05,Richmond,43,Kasey Kahne,1,Dodge,0.75,P,300,"4,170,131",129.964,9,53,100.316,21,2005,2005_11_W,Flat,rir
12,5/29/05,Charlotte,43,Jimmie Johnson,5,Chevrolet,1.5,P,600,"5,559,507",192.988,22,103,114.698,37,2005,2005_12_W,Large Oval,lms
13,6/5/05,Dover,43,Greg Biffle,2,Ford,1,P,400,"4,806,320", ,7,33,122.626,9,2005,2005_13_W,Steep,dov
14,6/12/05,Pocono,43,Carl Edwards,29,Ford,2.5,P,503,"4,072,831",169.052,8,32,129.177,14,2005,2005_14_W,Flat,poc
15,6/19/05,Michigan,43,Greg Biffle,25,Ford,2,P,400,"4,252,013",194.232,4,23,150.596,20,2005,2005_15_W,Large Oval,mis
16,6/26/05,Sonoma,43,Tony Stewart,7,Chevrolet,1.99,R,219,"4,599,240",94.325,8,18,72.845,7,2005,2005_16_W,Road,spr
17,7/2/05,Daytona,43,Tony Stewart,1,Chevrolet,2.5,P,400,"5,169,861",185.582,9,41,131.016,7,2005,2005_17_W,Restrictor Plate Track,dis
18,7/10/05,Chicago,43,"Dale Earnhardt, Jr.",25,Chevrolet,1.5,P,401,"5,038,793",188.147,10,47,127.638,17,2005,2005_18_W,Large Oval,chi
19,7/17/05,Loudon,43,Tony Stewart,13,Chevrolet,1.058,P,317,"4,411,113",130.327,10,49,102.608,14,2005,2005_19_W,Flat,nhi
20,7/24/05,Pocono,43,Kurt Busch,2,Ford,2.5,P,508,"4,077,931",168.76,13,40,125.283,13,2005,2005_20_W,Flat,poc
21,8/7/05,Indianapolis,43,Tony Stewart,22,Chevrolet,2.5,P,400,"8,087,058",184.117,10,43,118.782,15,2005,2005_21_W,Flat,ims
22,8/14/05,Watkins Glen,43,Tony Stewart,1,Chevrolet,2.45,R,225,"3,990,100", ,7,14,86.804,9,2005,2005_22_W,Road,wgi
23,8/21/05,Michigan,43,Jeremy Mayfield,11,Dodge,2,P,400,"4,249,208",191.53,7,30,141.551,19,2005,2005_23_W,Large Oval,mis
24,8/27/05,Bristol,43,Matt Kenseth,1,Ford,0.533,P,267,"5,162,959",127.3,16,88,84.678,17,2005,2005_24_W,Steep,bms
25,9/4/05,Fontana,43,Kyle Busch,25,Chevrolet,2,P,508,"5,056,153",185.061,11,43,136.356,30,2005,2005_25_W,Large Oval,cal
26,9/10/05,Richmond,43,Kurt Busch,5,Ford,0.75,P,300,"4,181,283",128.425,12,60,98.567,23,2005,2005_26_W,Flat,rir
27,9/18/05,Loudon,43,Ryan Newman,13,Dodge,1.058,P,317,"4,401,113",131.143,10,60,95.891,18,2005,2005_27_W,Flat,nhi
28,9/25/05,Dover,43,Jimmie Johnson,5,Chevrolet,1,P,404,"4,303,988",158.103,11,50,115.054,15,2005,2005_28_W,Steep,dov
29,10/2/05,Talladega,43,Dale Jarrett,2,Ford,2.66,P,505,"4,659,180",189.26,10,33,143.818,50,2005,2005_29_W,Restrictor Plate Track,tal
30,10/9/05,Kansas,43,Mark Martin,19,Ford,1.5,P,401,"5,069,143",180.856,7,28,137.774,16,2005,2005_30_W,Large Oval,kan
31,10/15/05,Charlotte,43,Jimmie Johnson,3,Chevrolet,1.5,P,504,"4,491,990",193.216,15,84,120.334,35,2005,2005_31_W,Large Oval,lms
32,10/23/05,Martinsville,43,Jeff Gordon,15,Chevrolet,0.526,P,263,"4,020,620",98.084,19,113,69.695,15,2005,2005_32_W,Flat,mar
33,10/30/05,Atlanta,43,Carl Edwards,2,Ford,1.54,P,501,"5,122,420",193.928,9,39,146.834,27,2005,2005_33_W,Large Oval,ams
34,11/6/05,Fort Worth,43,Carl Edwards,30,Ford,1.5,P,501,"5,936,997",192.947,6,27,151.055,23,2005,2005_34_W,Large Oval,tms
35,11/13/05,Phoenix,43,Kyle Busch,15,Chevrolet,1,P,312,"4,135,727",134.173,9,44,102.641,10,2005,2005_35_W,Flat,pir
36,11/20/05,Homestead,43,Greg Biffle,7,Ford,1.5,P,401,"4,388,116",176.051,8,37,131.431,21,2005,2005_36_W,Steep,hms
1,2/19/06,Daytona,43,Jimmie Johnson,9,Chevrolet,2.5,P,508,"15,521,950",189.151,11,39,142.667,32,2006,2006_01_W,Restrictor Plate Track,dis
2,2/26/06,Fontana,43,Matt Kenseth,31,Ford,2,P,502,"5,083,604",187.086,7,26,147.852,18,2006,2006_02_W,Large Oval,cal
3,3/12/06,Las Vegas,43,Jimmie Johnson,3,Chevrolet,1.5,P,405,"5,268,649",172.403,7,30,133.358,22,2006,2006_03_W,Steep,las
4,3/20/06,Atlanta,43,Kasey Kahne,1,Dodge,1.54,P,501,"4,158,531",192.553,8,43,144.098,27,2006,2006_04_W,Large Oval,ams
5,3/26/06,Bristol,43,Kurt Busch,9,Dodge,0.533,P,267,"4,667,638", ,18,104,79.427,19,2006,2006_05_W,Steep,bms
6,4/2/06,Martinsville,43,Tony Stewart,3,Chevrolet,0.526,P,263,"4,152,141",96.736,16,87,72.741,12,2006,2006_06_W,Flat,mar
7,4/9/06,Fort Worth,43,Kasey Kahne,1,Dodge,1.5,P,501,"6,169,524",190.315,9,43,137.943,22,2006,2006_07_W,Large Oval,tms
8,4/22/06,Phoenix,43,Kevin Harvick,15,Chevrolet,1,P,312,"4,182,372",133.745,7,29,107.063,20,2006,2006_08_W,Flat,pir
9,5/1/06,Talladega,43,Jimmie Johnson,16,Chevrolet,2.66,P,500,"5,103,240",188.511,8,34,142.891,56,2006,2006_09_W,Restrictor Plate Track,tal
10,5/6/06,Richmond,43,"Dale Earnhardt, Jr.",10,Chevrolet,0.75,P,300,"4,244,130",127.395,11,61,97.061,12,2006,2006_10_W,Flat,rir
11,5/13/06,Darlington,43,Greg Biffle,9,Ford,1.366,P,501,"4,658,259",169.013,6,24,135.127,25,2006,2006_11_W,Steep,dar
12,5/28/06,Charlotte,43,Kasey Kahne,9,Dodge,1.5,P,600,"5,575,514",187.865,15,66,128.84,37,2006,2006_12_W,Large Oval,lms
13,6/4/06,Dover,43,Matt Kenseth,19,Ford,1,P,400,"4,899,240",154.633,9,51,109.865,23,2006,2006_13_W,Steep,dov
14,6/11/06,Pocono,43,Denny Hamlin,1,Chevrolet,2.5,P,500,"4,159,824",169.639,7,28,131.656,25,2006,2006_14_W,Flat,poc
15,6/18/06,Michigan,43,Kasey Kahne,1,Dodge,2,P,258,"4,333,619",185.644,9,37,118.788,17,2006,2006_15_W,Large Oval,mis
16,6/25/06,Sonoma,43,Jeff Gordon,11,Chevrolet,1.99,R,219,"4,632,483",93.055,7,12,73.953,9,2006,2006_16_W,Road,spr
17,7/1/06,Daytona,43,Tony Stewart,2,Chevrolet,2.5,P,400,"5,261,738",186.143,6,19,153.143,29,2006,2006_17_W,Restrictor Plate Track,dis
18,7/9/06,Chicago,43,Jeff Gordon,13,Chevrolet,1.5,P,405,"5,132,248",181.647,8,34,132.077,18,2006,2006_18_W,Large Oval,chi
19,7/16/06,Loudon,43,Kyle Busch,4,Chevrolet,1.058,P,326,"4,489,191",129.683,11,49,101.384,21,2006,2006_19_W,Flat,nhi
20,7/23/06,Pocono,43,Denny Hamlin,1,Chevrolet,2.5,P,500,"4,159,824",169.827,7,29,132.626,13,2006,2006_20_W,Flat,poc
21,8/6/06,Indianapolis,43,Jimmie Johnson,5,Chevrolet,2.5,P,400,"8,158,257",182.778,8,24,137.182,18,2006,2006_21_W,Flat,ims
22,8/13/06,Watkins Glen,43,Kevin Harvick,7,Chevrolet,2.45,R,221,"4,039,139",122.966,10,22,76.718,14,2006,2006_22_W,Road,wgi
23,8/20/06,Michigan,43,Matt Kenseth,3,Ford,2,P,400,"4,320,829",187.936,10,36,135.097,26,2006,2006_23_W,Large Oval,mis
24,8/26/06,Bristol,43,Matt Kenseth,4,Ford,0.533,P,267,"5,253,226",124.906,10,62,90.025,18,2006,2006_24_W,Steep,bms
25,9/3/06,Fontana,43,Kasey Kahne,9,Dodge,2,P,500,"5,161,883",184.54,7,29,144.462,26,2006,2006_25_W,Large Oval,cal
26,9/9/06,Richmond,43,Kevin Harvick,5,Chevrolet,0.75,P,300,"4,260,516",127.986,7,48,101.342,16,2006,2006_26_W,Flat,rir
27,9/17/06,Loudon,43,Kevin Harvick,1,Chevrolet,1.058,P,317,"4,487,191",132.282,10,47,102.195,17,2006,2006_27_W,Flat,nhi
28,9/24/06,Dover,43,Jeff Burton,19,Chevrolet,1,P,400,"4,325,713",156.162,10,48,111.966,12,2006,2006_28_W,Steep,dov
29,10/1/06,Kansas,43,Tony Stewart,21,Chevrolet,1.5,P,401,"5,132,248",178.377,11,45,121.753,20,2006,2006_29_W,Large Oval,kan
30,10/8/06,Talladega,43,Brian Vickers,9,Chevrolet,2.66,P,500,"4,547,000",191.712,6,22,157.602,63,2006,2006_30_W,Restrictor Plate Track,tal
31,10/14/06,Charlotte,43,Kasey Kahne,2,Dodge,1.5,P,501,"4,374,795",191.469,10,52,132.142,34,2006,2006_31_W,Large Oval,lms
32,10/22/06,Martinsville,43,Jimmie Johnson,9,Chevrolet,0.526,P,263,"4,105,914",97.568,18,107,70.446,16,2006,2006_32_W,Flat,mar
33,10/29/06,Atlanta,43,Tony Stewart,11,Chevrolet,1.54,P,501,"5,205,824", ,9,39,143.421,24,2006,2006_33_W,Large Oval,ams
34,11/5/06,Fort Worth,43,Tony Stewart,8,Chevrolet,1.5,P,509,"6,158,041",196.235,12,51,134.891,23,2006,2006_34_W,Large Oval,tms
35,11/12/06,Phoenix,43,Kevin Harvick,2,Chevrolet,1,P,312,"3,737,835",134.464,10,58,96.131,12,2006,2006_35_W,Flat,pir
36,11/19/06,Homestead,43,Greg Biffle,22,Ford,1.5,P,402,"4,478,605",178.259,11,43,125.375,15,2006,2006_36_W,Steep,hms
1,2/18/07,Daytona,43,Kevin Harvick,34,Chevrolet,2.5,P,505,"15,640,508",186.32,7,25,149.333,14,2007,2007_01_W,Restrictor Plate Track,dis
2,2/25/07,Fontana,43,Matt Kenseth,25,Ford,2,P,500,"5,185,360",185.735,9,37,138.451,28,2007,2007_02_W,Large Oval,cal
3,3/11/07,Las Vegas,43,Jimmie Johnson,23,Chevrolet,1.5,P,401,"5,467,264",184.855,9,40,128.183,28,2007,2007_03_W,Steep,las
4,3/18/07,Atlanta,43,Jimmie Johnson,3,Chevrolet,1.54,P,501,"4,207,936",193.124,6,27,152.915,31,2007,2007_04_W,Large Oval,ams
5,3/25/07,Bristol,43,Kyle Busch,20,Chevrolet,0.533,P,269,"4,745,304",125.453,15,90,81.969,14,2007,2007_05_W,Steep,bms
6,4/1/07,Martinsville,43,Jimmie Johnson,20,Chevrolet,0.526,P,263,"4,192,370",95.103,13,93,70.258,14,2007,2007_06_W,Flat,mar
7,4/15/07,Fort Worth,43,Jeff Burton,2,Chevrolet,1.5,P,501,"6,240,747", ,7,33,143.359,13,2007,2007_07_W,Large Oval,tms
8,4/21/07,Phoenix,43,Jeff Gordon,1,Chevrolet,1,P,312,"4,224,288",133.136,6,34,107.71,12,2007,2007_08_W,Flat,pir
9,4/29/07,Talladega,43,Jeff Gordon,1,Chevrolet,2.66,P,511,"5,131,410",192.069,8,28,154.167,42,2007,2007_09_W,Restrictor Plate Track,tal
10,5/6/07,Richmond,43,Jimmie Johnson,4,Chevrolet,0.75,P,300,"4,267,936",126.251,14,80,91.27,24,2007,2007_10_W,Flat,rir
11,5/13/07,Darlington,43,Jeff Gordon,10,Chevrolet,1.366,P,501,"4,691,994",164.987,10,44,124.383,21,2007,2007_11_W,Steep,dar
12,5/27/07,Charlotte,43,Casey Mears,16,Chevrolet,1.5,P,600,"5,653,717",185.312,13,62,130.222,29,2007,2007_12_W,Large Oval,lms
13,6/4/07,Dover,43,"Martin Truex, Jr.",26,Chevrolet,1,P,400,"4,951,654",152.925,7,35,118.95,18,2007,2007_13_W,Steep,dov
14,6/10/07,Pocono,43,Jeff Gordon,18,Chevrolet,2.5,P,265,"4,212,214",170.062,4,10,135.608,15,2007,2007_14_W,Flat,poc
15,6/17/07,Michigan,43,Carl Edwards,12,Ford,2,P,400,"4,390,723",187.505,4,19,148.072,22,2007,2007_15_W,Large Oval,mis
16,6/24/07,Sonoma,43,Juan Pablo Montoya,32,Dodge,1.99,R,219,"4,676,895",92.414,7,14,74.547,11,2007,2007_16_W,Road,spr
17,7/1/07,Loudon,43,Denny Hamlin,11,Chevrolet,1.058,P,317,"4,541,403",129.437,6,31,108.215,20,2007,2007_17_W,Flat,nhi
18,7/7/07,Daytona,43,Jamie McMurray,15,Ford,2.5,P,400,"5,323,628", ,8,30,138.983,28,2007,2007_18_W,Restrictor Plate Track,dis
19,7/15/07,Chicago,43,Tony Stewart,19,Chevrolet,1.5,P,401,"5,191,653",182.556,7,32,134.258,20,2007,2007_19_W,Large Oval,chi
20,7/29/07,Indianapolis,43,Tony Stewart,14,Chevrolet,2.5,P,400,"8,298,329",184.207,9,43,117.379,14,2007,2007_20_W,Flat,ims
21,8/5/07,Pocono,43,Kurt Busch,2,Dodge,2.5,P,500,"4,212,214",169.975,7,27,131.627,17,2007,2007_21_W,Flat,poc
22,8/12/07,Watkins Glen,43,Tony Stewart,5,Chevrolet,2.45,R,221,"4,082,715", ,8,20,77.535,9,2007,2007_22_W,Road,wgi
23,8/21/07,Michigan,43,Kurt Busch,15,Dodge,2,P,406,"4,389,946",189.026,8,36,117.044,18,2007,2007_23_W,Large Oval,mis
24,8/25/07,Bristol,43,Carl Edwards,6,Ford,0.533,P,267,"5,313,892",119.805,9,61,89.006,12,2007,2007_24_W,Steep,bms
25,9/2/07,Fontana,43,Jimmie Johnson,2,Chevrolet,2,P,500,"5,236,335",182.399,11,43,131.502,30,2007,2007_25_W,Large Oval,cal
26,9/8/07,Richmond,43,Jimmie Johnson,1,Chevrolet,0.75,P,300,"4,316,185",126.298,12,70,91.813,15,2007,2007_26_W,Flat,rir
27,9/16/07,Loudon,43,Clint Bowyer,1,Chevrolet,1.058,P,317,"4,549,103",130.412,7,27,110.475,13,2007,2007_27_W,Flat,nhi
28,9/23/07,Dover,43,Carl Edwards,15,Ford,1,P,400,"4,374,780",154.765,13,66,101.846,14,2007,2007_28_W,Steep,dov
29,9/30/07,Kansas,43,Greg Biffle,7,Ford,1.5,P,315,"5,199,353",175.063,12,54,104.981,16,2007,2007_29_W,Large Oval,kan
30,10/7/07,Talladega,43,Jeff Gordon,34,Chevrolet,2.66,P,500,"4,603,006",189.07,9,34,143.438,42,2007,2007_30_W,Restrictor Plate Track,tal
31,10/13/07,Charlotte,43,Jeff Gordon,4,Chevrolet,1.5,P,506,"4,433,635",189.394,15,62,125.868,26,2007,2007_31_W,Large Oval,lms
32,10/21/07,Martinsville,43,Jimmie Johnson,4,Chevrolet,0.526,P,266,"4,155,207",94.974,21,127,66.608,12,2007,2007_32_W,Flat,mar
33,10/28/07,Atlanta,43,Jimmie Johnson,6,Chevrolet,1.54,P,507,"5,255,503",192.453,14,55,135.26,19,2007,2007_33_W,Large Oval,ams
34,11/4/07,Fort Worth,43,Jimmie Johnson,8,Chevrolet,1.5,P,501,"6,270,378",193.105,12,52,131.219,27,2007,2007_34_W,Large Oval,tms
35,11/11/07,Phoenix,43,Jimmie Johnson,6,Chevrolet,1,P,312,"4,254,207",132.773,10,42,102.989,10,2007,2007_35_W,Flat,pir
36,11/18/07,Homestead,43,Matt Kenseth,4,Ford,1.5,P,401,"4,540,919",176.788,7,32,131.888,25,2007,2007_36_W,Steep,hms
1,2/17/08,Daytona,43,Ryan Newman,7,Dodge,2.5,P,500,"16,047,052",187.075,7,23,152.672,42,2008,2008_01_W,Restrictor Plate Track,dis
2,2/25/08,Fontana,43,Carl Edwards,9,Ford,2,P,500,"5,232,311", ,12,44,132.704,33,2008,2008_02_W,Large Oval,cal
3,3/2/08,Las Vegas,43,Carl Edwards,2,Ford,1.5,P,401,"5,505,220",182.352,11,44,127.729,19,2008,2008_03_W,Steep,las
4,3/9/08,Atlanta,43,Kyle Busch,6,Toyota,1.54,P,501,"4,254,305",185.251,8,35,140.975,26,2008,2008_04_W,Large Oval,ams
5,3/16/08,Bristol,43,Jeff Burton,8,Chevrolet,0.533,P,270,"4,798,052", ,10,68,89.775,17,2008,2008_05_W,Steep,bms
6,3/30/08,Martinsville,43,Denny Hamlin,2,Toyota,0.526,P,263,"4,269,418",96.288,18,89,73.163,20,2008,2008_06_W,Flat,mar
7,4/6/08,Fort Worth,43,Carl Edwards,2,Ford,1.5,P,509,"6,307,748",190.907,6,27,144.814,16,2008,2008_07_W,Large Oval,tms
8,4/12/08,Phoenix,43,Jimmie Johnson,7,Chevrolet,1,P,312,"4,301,830",133.457,8,42,103.292,10,2008,2008_08_W,Flat,pir
9,4/27/08,Talladega,43,Kyle Busch,5,Toyota,2.66,P,500,"5,209,475",187.386,8,23,157.409,52,2008,2008_09_W,Restrictor Plate Track,tal
10,5/3/08,Richmond,43,Clint Bowyer,31,Chevrolet,0.75,P,308,"4,340,768",126.198,11,62,95.786,4,2008,2008_10_W,Flat,rir
11,5/10/08,Darlington,43,Kyle Busch,6,Toyota,1.366,P,501,"4,788,401",179.442,8,31,140.35,35,2008,2008_11_W,Steep,dar
12,5/25/08,Charlotte,43,Kasey Kahne,2,Dodge,1.5,P,600,"5,685,573",185.433,11,50,135.772,37,2008,2008_12_W,Large Oval,lms
13,6/1/08,Dover,43,Kyle Busch,3,Toyota,1,P,400,"5,007,355",155.219,5,26,121.171,15,2008,2008_13_W,Steep,dov
14,6/8/08,Pocono,43,Kasey Kahne,1,Dodge,2.5,P,500,"4,270,541",170.219,10,38,125.209,23,2008,2008_14_W,Flat,poc
15,6/15/08,Michigan,43,"Dale Earnhardt, Jr.",3,Chevrolet,2,P,406,"4,453,280", ,7,22,145.375,31,2008,2008_15_W,Large Oval,mis
16,6/22/08,Sonoma,43,Kyle Busch,30,Toyota,1.99,R,223,"4,745,121",92.153,6,14,76.445,5,2008,2008_16_W,Road,spr
17,6/29/08,Loudon,43,Kurt Busch,26,Dodge,1.058,P,300,"4,565,787",129.776,7,33,106.719,9,2008,2008_17_W,Flat,nhi
18,7/5/08,Daytona,43,Kyle Busch,9,Toyota,2.5,P,405,"5,372,729",185.916,11,33,138.554,21,2008,2008_18_W,Restrictor Plate Track,dis
19,7/12/08,Chicago,43,Kyle Busch,1,Toyota,1.5,P,401,"5,241,854", ,9,33,133.996,16,2008,2008_19_W,Large Oval,chi
20,7/27/08,Indianapolis,43,Jimmie Johnson,1,Chevrolet,2.5,P,400,"8,329,981",181.763,11,52,115.117,26,2008,2008_20_W,Flat,ims
21,8/3/08,Pocono,43,Carl Edwards,15,Ford,2.5,P,500,"4,278,541",168.215,7,31,130.567,25,2008,2008_21_W,Flat,poc
22,8/10/08,Watkins Glen,43,Kyle Busch,1,Toyota,2.45,R,221,"4,146,460", ,4,9,97.148,8,2008,2008_22_W,Road,wgi
23,8/17/08,Michigan,43,Carl Edwards,27,Ford,2,P,400,"4,458,094",188.536,7,27,140.351,18,2008,2008_23_W,Large Oval,mis
24,8/23/08,Bristol,43,Carl Edwards,1,Ford,0.533,P,267,"5,404,017",121.86,8,56,91.581,4,2008,2008_24_W,Steep,bms
25,8/31/08,Fontana,43,Jimmie Johnson,1,Chevrolet,2,P,500,"5,280,964",180.397,8,34,138.857,20,2008,2008_25_W,Large Oval,cal
26,9/7/08,Richmond,43,Jimmie Johnson,3,Chevrolet,0.75,P,300,"4,378,691", ,14,71,92.68,22,2008,2008_26_W,Flat,rir
27,9/14/08,Loudon,43,Greg Biffle,9,Ford,1.058,P,317,"4,574,532", ,8,37,105.468,14,2008,2008_27_W,Flat,nhi
28,9/21/08,Dover,43,Greg Biffle,5,Ford,1,P,400,"4,452,824",157.061,10,45,114.168,15,2008,2008_28_W,Steep,dov
29,9/28/08,Kansas,43,Jimmie Johnson,1,Chevrolet,1.5,P,401,"5,247,434",172.007,7,25,133.549,16,2008,2008_29_W,Large Oval,kan
30,10/5/08,Talladega,43,Tony Stewart,34,Toyota,2.66,P,505,"4,601,660",187.364,10,41,140.281,64,2008,2008_30_W,Restrictor Plate Track,tal
31,10/11/08,Charlotte,43,Jeff Burton,4,Chevrolet,1.5,P,501,"4,465,390", ,10,49,133.699,24,2008,2008_31_W,Large Oval,lms
32,10/19/08,Martinsville,43,Jimmie Johnson,1,Chevrolet,0.526,P,265,"4,211,052", ,12,76,75.931,14,2008,2008_32_W,Flat,mar
33,10/26/08,Atlanta,43,Carl Edwards,4,Ford,1.54,P,501,"5,323,204", ,10,43,134.272,18,2008,2008_33_W,Large Oval,ams
34,11/2/08,Fort Worth,43,Carl Edwards,16,Ford,1.5,P,501,"6,307,007",188.469,5,26,144.219,16,2008,2008_34_W,Large Oval,tms
35,11/9/08,Phoenix,43,Jimmie Johnson,1,Chevrolet,1,P,313,"4,331,086",134.725,10,55,97.804,9,2008,2008_35_W,Flat,pir
36,11/16/08,Homestead,43,Carl Edwards,4,Ford,1.5,P,401,"4,523,573",171.636,7,31,129.472,15,2008,2008_36_W,Steep,hms
1,2/15/09,Daytona,43,Matt Kenseth,39,Ford,2.5,P,380,"16,378,767",188.001,8,35,132.816,9,2009,2009_01_W,Restrictor Plate Track,dis
2,2/22/09,Fontana,43,Matt Kenseth,24,Ford,2,P,500,"5,350,787",183.439,5,43,135.839,19,2009,2009_02_W,Large Oval,cal
3,3/1/09,Las Vegas,43,Kyle Busch,1,Toyota,1.5,P,428,"5,697,941",185.995,14,66,119.515,16,2009,2009_03_W,Steep,las
4,3/8/09,Atlanta,43,Kurt Busch,2,Dodge,1.54,P,508,"4,383,518",187.045,11,54,127.573,13,2009,2009_04_W,Large Oval,ams
5,3/22/09,Bristol,43,Kyle Busch,19,Toyota,0.533,P,268,"4,917,965",125.773,9,58,92.139,13,2009,2009_05_W,Steep,bms
6,3/29/09,Martinsville,43,Jimmie Johnson,9,Chevrolet,0.526,P,263,"4,344,736", ,12,66,75.938,13,2009,2009_06_W,Flat,mar
7,4/5/09,Fort Worth,43,Jeff Gordon,2,Chevrolet,1.5,P,501,"6,417,574",190.517,6,30,146.372,28,2009,2009_07_W,Large Oval,tms
8,4/18/09,Phoenix,43,Mark Martin,1,Chevrolet,1,P,312,"4,379,448",133.814,6,29,108.042,14,2009,2009_08_W,Flat,pir
9,4/26/09,Talladega,43,Brad Keselowski,9,Chevrolet,2.66,P,500,"5,319,301",188.171,9,33,147.565,57,2009,2009_09_W,Restrictor Plate Track,tal
10,5/2/09,Richmond,43,Kyle Busch,14,Toyota,0.75,P,300,"4,452,331",127.131,15,79,90.627,21,2009,2009_10_W,Flat,rir
11,5/9/09,Darlington,43,Mark Martin,12,Chevrolet,1.366,P,501,"4,890,227",179.514,17,73,119.687,23,2009,2009_11_W,Steep,dar
12,5/25/09,Charlotte,43,David Reutimann,21,Toyota,1.5,P,341,"5,814,244",188.475,6,40,120.899,14,2009,2009_12_W,Large Oval,lms
13,5/31/09,Dover,43,Jimmie Johnson,8,Chevrolet,1,P,400,"5,109,181",156.794,10,43,115.237,25,2009,2009_13_W,Steep,dov
14,6/7/09,Pocono,43,Tony Stewart,1,Chevrolet,2.5,P,500,"4,355,434", ,5,20,138.515,22,2009,2009_14_W,Flat,poc
15,6/14/09,Michigan,43,Mark Martin,32,Chevrolet,2,P,400,"4,546,348",189.11,3,14,155.491,11,2009,2009_15_W,Large Oval,mis
16,6/21/09,Sonoma,43,Kasey Kahne,5,Dodge,1.99,R,225,"4,863,147",93.678,7,20,71.012,10,2009,2009_16_W,Road,spr
17,6/28/09,Loudon,43,Joey Logano,24,Toyota,1.058,P,289,"4,659,650", ,11,47,97.497,21,2009,2009_17_W,Flat,nhi
18,7/4/09,Daytona,43,Tony Stewart,1,Chevrolet,2.5,P,400,"5,472,955", ,8,30,142.461,23,2009,2009_18_W,Restrictor Plate Track,dis
19,7/11/09,Chicago,43,Mark Martin,14,Chevrolet,1.5,P,401,"5,349,180",184.162,7,30,133.804,10,2009,2009_19_W,Large Oval,chi
20,7/26/09,Indianapolis,43,Jimmie Johnson,16,Chevrolet,2.5,P,400,"8,393,098",182.054,3,14,145.882,9,2009,2009_20_W,Flat,ims
21,8/3/09,Pocono,43,Denny Hamlin,6,Toyota,2.5,P,500,"4,355,434", ,10,39,126.396,17,2009,2009_21_W,Flat,poc
22,8/10/09,Watkins Glen,43,Tony Stewart,13,Chevrolet,2.45,R,221,"4,237,178",123.663,5,13,90.297,12,2009,2009_22_W,Road,wgi
23,8/16/09,Michigan,43,Brian Vickers,1,Toyota,2,P,400,"4,543,312",187.242,7,36,131.531,25,2009,2009_23_W,Large Oval,mis
24,8/22/09,Bristol,43,Kyle Busch,15,Toyota,0.533,P,267,"5,505,843",124.484,11,76,84.82,12,2009,2009_24_W,Steep,bms
25,9/6/09,Atlanta,43,Kasey Kahne,2,Dodge,1.54,P,501,"5,437,530",184.149,9,42,134.033,31,2009,2009_25_W,Large Oval,ams
26,9/12/09,Richmond,43,Denny Hamlin,3,Toyota,0.75,P,300,"4,469,809",126.808,10,56,96.601,12,2009,2009_26_W,Flat,rir
27,9/20/09,Loudon,43,Mark Martin,14,Chevrolet,1.058,P,317,"4,671,250",133.431,11,48,100.753,20,2009,2009_27_W,Flat,nhi
28,9/27/09,Dover,43,Jimmie Johnson,1,Chevrolet,1,P,400,"4,538,042",157.356,9,38,118.704,6,2009,2009_28_W,Steep,dov
29,10/4/09,Kansas,43,Tony Stewart,5,Chevrolet,1.5,P,401,"5,349,180",175.758,6,23,137.144,26,2009,2009_29_W,Large Oval,kan
30,10/11/09,Fontana,43,Jimmie Johnson,3,Chevrolet,2,P,500,"5,366,182",183.87,8,30,143.908,29,2009,2009_30_W,Large Oval,cal
31,10/17/09,Charlotte,43,Jimmie Johnson,1,Chevrolet,1.5,P,501,"4,589,608",192.376,10,42,137.658,22,2009,2009_31_W,Large Oval,lms
32,10/25/09,Martinsville,43,Denny Hamlin,17,Toyota,0.526,P,264,"4,306,070",96.795,15,77,73.633,21,2009,2009_32_W,Flat,mar
33,11/1/09,Talladega,43,Jamie McMurray,22,Ford,2.66,P,508,"4,724,853", ,6,23,157.213,60,2009,2009_33_W,Restrictor Plate Track,tal
34,11/8/09,Fort Worth,43,Kurt Busch,3,Dodge,1.5,P,501,"6,392,225",191.117,5,26,147.137,13,2009,2009_34_W,Large Oval,tms
35,11/15/09,Phoenix,43,Jimmie Johnson,3,Chevrolet,1,P,312,"4,416,304",135.12,4,23,110.486,9,2009,2009_35_W,Flat,pir
36,11/22/09,Homestead,43,Denny Hamlin,38,Toyota,1.5,P,401,"4,662,766",173.919,7,31,126.986,18,2009,2009_36_W,Steep,hms
1,2/14/10,Daytona,43,Jamie McMurray,13,Chevrolet,2.5,P,520,"16,280,466",191.188,9,40,137.284,52,2010,2010_01_W,Restrictor Plate Track,dis
2,2/21/10,Fontana,43,Jimmie Johnson,7,Chevrolet,2,P,500,"5,240,654",183.744,6,30,141.911,26,2010,2010_02_W,Large Oval,cal
3,2/28/10,Las Vegas,43,Jimmie Johnson,20,Chevrolet,1.5,P,401,"5,492,793",188.719,7,29,141.45,18,2010,2010_03_W,Steep,las
4,3/7/10,Atlanta,43,Kurt Busch,11,Dodge,1.54,P,525,"4,292,301",192.761,11,53,131.294,31,2010,2010_04_W,Large Oval,ams
5,3/21/10,Bristol,43,Jimmie Johnson,4,Chevrolet,0.533,P,267,"4,773,304",124.63,10,103,79.618,29,2010,2010_05_W,Steep,bms
6,3/29/10,Martinsville,43,Denny Hamlin,19,Toyota,0.526,P,267,"4,256,308", ,13,79,73.18,24,2010,2010_06_W,Flat,mar
7,4/10/10,Phoenix,43,Ryan Newman,14,Chevrolet,1,P,378,"4,608,604",134.675,9,59,99.372,20,2010,2010_07_W,Flat,pir
8,4/19/10,Fort Worth,43,Denny Hamlin,29,Toyota,1.5,P,501,"6,196,462",191.327,7,32,146.23,29,2010,2010_08_W,Large Oval,tms
9,4/25/10,Talladega,43,Kevin Harvick,4,Chevrolet,2.66,P,532,"5,209,442", ,8,32,150.59,88,2010,2010_09_W,Restrictor Plate Track,tal
10,5/1/10,Richmond,43,Kyle Busch,1,Toyota,0.75,P,300,"4,364,236",127.077,6,37,99.567,12,2010,2010_10_W,Flat,rir
11,5/8/10,Darlington,43,Denny Hamlin,8,Toyota,1.366,P,501,"4,829,851",180.37,11,56,126.605,20,2010,2010_11_W,Steep,dar
12,5/16/10,Dover,43,Kyle Busch,4,Toyota,1,P,400,"5,026,909",157.315,5,24,128.79,20,2010,2010_12_W,Steep,dov
13,5/30/10,Charlotte,43,Kurt Busch,2,Dodge,1.5,P,600,"5,653,815",187.546,8,34,144.966,33,2010,2010_13_W,Large Oval,lms
14,6/6/10,Pocono,43,Denny Hamlin,5,Toyota,2.5,P,510,"4,284,518",169.485,8,27,136.303,14,2010,2010_14_W,Flat,poc
15,6/13/10,Michigan,43,Denny Hamlin,7,Toyota,2,P,400,"4,448,849",189.984,4,14,156.386,18,2010,2010_15_W,Large Oval,mis
16,6/20/10,Sonoma,43,Jimmie Johnson,2,Chevrolet,1.99,R,219,"4,805,478",93.893,7,14,74.357,12,2010,2010_16_W,Road,spr
17,6/27/10,Loudon,43,Jimmie Johnson,10,Chevrolet,1.058,P,318,"4,561,260",132.337,4,19,113.308,14,2010,2010_17_W,Flat,nhi
18,7/3/10,Daytona,43,Kevin Harvick,1,Chevrolet,2.5,P,415,"5,353,245", ,9,37,130.814,47,2010,2010_18_W,Restrictor Plate Track,dis
19,7/10/10,Chicago,43,David Reutimann,7,Toyota,1.5,P,401,"5,242,908",183.542,4,21,145.138,10,2010,2010_19_W,Large Oval,chi
20,7/25/10,Indianapolis,43,Jamie McMurray,4,Chevrolet,2.5,P,400,"8,055,895",182.253,6,25,136.054,14,2010,2010_20_W,Flat,ims
21,8/1/10,Pocono,43,Greg Biffle,12,Ford,2.5,P,500,"4,284,518",171.393,5,31,132.246,19,2010,2010_21_W,Flat,poc
22,8/8/10,Watkins Glen,43,Juan Pablo Montoya,3,Chevrolet,2.45,R,221,"4,170,595",124.432,5,13,91.96,10,2010,2010_22_W,Road,wgi
23,8/15/10,Michigan,43,Kevin Harvick,8,Chevrolet,2,P,400,"4,444,116",187.183,5,25,144.029,17,2010,2010_23_W,Large Oval,mis
24,8/21/10,Bristol,43,Kyle Busch,19,Toyota,0.533,P,267,"5,383,905",123.475,7,39,99.071,15,2010,2010_24_W,Steep,bms
25,9/5/10,Atlanta,43,Tony Stewart,5,Chevrolet,1.54,P,501,"5,322,422",187.38,8,53,129.041,22,2010,2010_25_W,Large Oval,ams
26,9/11/10,Richmond,43,Denny Hamlin,14,Toyota,0.75,P,300,"4,379,963",127.762,3,28,104.096,14,2010,2010_26_W,Flat,rir
27,9/19/10,Loudon,43,Clint Bowyer,2,Chevrolet,1.058,P,317,"4,559,260",133.572,8,34,106.769,21,2010,2010_27_W,Flat,nhi
28,9/26/10,Dover,43,Jimmie Johnson,1,Chevrolet,1,P,400,"4,441,372",155.736,4,19,131.543,16,2010,2010_28_W,Steep,dov
29,10/3/10,Kansas,43,Greg Biffle,5,Ford,1.5,P,401,"5,242,908",174.644,5,24,138.077,20,2010,2010_29_W,Large Oval,kan
30,10/10/10,Fontana,43,Tony Stewart,22,Chevrolet,2,P,400,"4,573,915",185.285,9,36,131.953,23,2010,2010_30_W,Large Oval,cal
31,10/16/10,Charlotte,43,Jamie McMurray,27,Chevrolet,1.5,P,501,"4,445,482",191.544,9,39,140.391,27,2010,2010_31_W,Large Oval,lms
32,10/24/10,Martinsville,43,Denny Hamlin,1,Toyota,0.526,P,263,"4,230,598",97.018,15,90,71.619,24,2010,2010_32_W,Flat,mar
33,10/31/10,Talladega,43,Clint Bowyer,2,Chevrolet,2.66,P,500,"4,614,703",184.64,6,19,163.618,87,2010,2010_33_W,Restrictor Plate Track,tal
34,11/7/10,Fort Worth,43,Denny Hamlin,30,Toyota,1.5,P,501,"6,108,138",195.397,9,40,140.456,33,2010,2010_34_W,Large Oval,tms
35,11/14/10,Phoenix,43,Carl Edwards,1,Ford,1,P,312,"4,329,809",136.389,5,25,110.758,13,2010,2010_35_W,Flat,pir
36,11/21/10,Homestead,43,Carl Edwards,2,Ford,1.5,P,401,"4,553,625",176.904,10,41,126.585,22,2010,2010_36_W,Steep,hms
1,2/20/11,Daytona,43,Trevor Bayne,32,Ford,2.5,P,520,"16,649,729",186.089,16,60,130.326,74,2011,2011_01_W,Restrictor Plate Track,dis
2,2/27/11,Phoenix,43,Jeff Gordon,20,Chevrolet,1,P,312,"4,324,824",137.279,8,43,102.961,28,2011,2011_02_W,Flat,pir
3,3/6/11,Las Vegas,43,Carl Edwards,3,Ford,1.5,P,401,"5,512,356",188.884,7,35,135.508,21,2011,2011_03_W,Steep,las
4,3/20/11,Bristol,43,Kyle Busch,12,Toyota,0.533,P,267,"4,778,416",128.014,10,57,91.941,17,2011,2011_04_W,Steep,bms
5,3/27/11,Fontana,43,Kevin Harvick,24,Chevrolet,2,P,400,"5,036,976",184.653,4,16,150.849,18,2011,2011_05_W,Large Oval,cal
6,4/3/11,Martinsville,43,Kevin Harvick,9,Chevrolet,0.526,P,263,"4,295,270",96.509,11,72,74.195,31,2011,2011_06_W,Flat,mar
7,4/9/11,Fort Worth,43,Matt Kenseth,4,Ford,1.5,P,501,"6,178,941",189.82,5,24,149.231,31,2011,2011_07_W,Large Oval,tms
8,4/17/11,Talladega,43,Jimmie Johnson,2,Chevrolet,2.66,P,500,"5,239,918",178.248,6,24,156.261,88,2011,2011_08_W,Restrictor Plate Track,tal
9,4/30/11,Richmond,43,Kyle Busch,20,Toyota,0.75,P,300,"4,380,300",128.639,8,60,95.28,14,2011,2011_09_W,Flat,rir
10,5/7/11,Darlington,43,Regan Smith,23,Chevrolet,1.366,P,505,"4,871,561",181.254,11,46,129.678,21,2011,2011_10_W,Steep,dar
11,5/15/11,Dover,43,Matt Kenseth,24,Ford,1,P,400,"5,052,965", ,6,28,125.578,23,2011,2011_11_W,Steep,dov
12,5/29/11,Charlotte,43,Kevin Harvick,28,Chevrolet,1.5,P,603,"5,654,327",192.089,14,64,132.414,38,2011,2011_12_W,Large Oval,lms
13,6/5/11,Kansas,43,Brad Keselowski,25,Dodge,1.5,P,401,"4,579,497",174.752,5,22,137.184,17,2011,2011_13_W,Large Oval,kan
14,6/12/11,Pocono,43,Jeff Gordon,3,Chevrolet,2.5,P,500,"4,304,570",171.579,4,14,145.384,18,2011,2011_14_W,Flat,poc
15,6/19/11,Michigan,43,Denny Hamlin,10,Toyota,2,P,400,"4,460,684",188.699,5,18,153.029,21,2011,2011_15_W,Large Oval,mis
16,6/26/11,Sonoma,43,Kurt Busch,11,Dodge,1.99,R,219,"4,849,906",93.256,5,17,75.411,12,2011,2011_16_W,Road,spr
17,7/2/11,Daytona,43,David Ragan,5,Ford,2.5,P,425,"5,379,500",182.065,6,21,159.491,57,2011,2011_17_W,Restrictor Plate Track,dis
18,7/9/11,Kentucky,43,Kyle Busch,1,Toyota,1.5,P,401,"4,315,664", ,6,32,137.314,20,2011,2011_18_W,Large Oval,ken
19,7/17/11,Loudon,43,Ryan Newman,1,Chevrolet,1.058,P,318,"4,567,474",135.232,10,44,104.1,21,2011,2011_19_W,Flat,nhi
20,7/31/11,Indianapolis,43,Paul Menard,15,Chevrolet,2.5,P,400,"7,984,503",182.994,5,22,140.762,22,2011,2011_20_W,Flat,ims
21,8/7/11,Pocono,43,Brad Keselowski,13,Dodge,2.5,P,500,"4,304,570",172.055,5,21,137.878,23,2011,2011_21_W,Flat,poc
22,8/15/11,Watkins Glen,43,Marcos Ambrose,3,Ford,2.45,R,225,"4,196,342",126.421,5,14,99.417,14,2011,2011_22_W,Road,wgi
23,8/21/11,Michigan,43,Kyle Busch,17,Toyota,2,P,406,"4,458,087",190.345,5,21,150.898,20,2011,2011_23_W,Large Oval,mis
24,8/27/11,Bristol,43,Brad Keselowski,8,Dodge,0.533,P,267,"5,399,412",122.811,6,42,96.753,22,2011,2011_24_W,Steep,bms
25,9/6/11,Atlanta,43,Jeff Gordon,5,Chevrolet,1.54,P,501,"5,341,003",186.196,9,64,124.623,35,2011,2011_25_W,Large Oval,ams
26,9/10/11,Richmond,43,Kevin Harvick,7,Chevrolet,0.75,P,300,"4,395,242",127.383,15,85,89.91,11,2011,2011_26_W,Flat,rir
27,9/19/11,Chicago,43,Tony Stewart,26,Chevrolet,1.5,P,401,"5,205,909",183.243,6,25,143.306,22,2011,2011_27_W,Large Oval,chi
28,9/25/11,Loudon,43,Tony Stewart,20,Chevrolet,1.058,P,317,"4,567,474",135.002,3,14,116.679,19,2011,2011_28_W,Flat,nhi
29,10/2/11,Dover,43,Kurt Busch,2,Dodge,1,P,400,"4,453,581",159.004,10,44,119.413,24,2011,2011_29_W,Steep,dov
30,10/9/11,Kansas,43,Jimmie Johnson,19,Chevrolet,1.5,P,408,"5,205,909",174.887,6,25,137.181,19,2011,2011_30_W,Large Oval,kan
31,10/15/11,Charlotte,43,Matt Kenseth,2,Ford,1.5,P,501,"4,497,670",191.959,8,34,146.194,16,2011,2011_31_W,Large Oval,lms
32,10/23/11,Talladega,43,Clint Bowyer,3,Chevrolet,2.66,P,500,"4,620,146",181.367,9,37,143.404,72,2011,2011_32_W,Restrictor Plate Track,tal
33,10/30/11,Martinsville,43,Tony Stewart,4,Chevrolet,0.526,P,263,"4,243,646", ,18,108,68.648,23,2011,2011_33_W,Flat,mar
34,11/6/11,Fort Worth,43,Tony Stewart,5,Chevrolet,1.5,P,501,"6,038,908",193.736,5,21,152.705,23,2011,2011_34_W,Large Oval,tms
35,11/13/11,Phoenix,43,Kasey Kahne,10,Toyota,1,P,312,"4,347,996",137.101,8,30,112.918,14,2011,2011_35_W,Flat,pir
36,11/20/11,Homestead,43,Tony Stewart,15,Chevrolet,1.5,P,401,"4,558,721",175.467,8,54,114.976,26,2011,2011_36_W,Steep,hms
1,2/27/12,Daytona,43,Matt Kenseth,4,Ford,2.5,P,505,"17,277,409",194.738,10,42,140.256,25,2012,2012_01_W,Restrictor Plate Track,dis
2,3/4/12,Phoenix,43,Denny Hamlin,13,Toyota,1,P,312,"4,414,682",136.815,7,37,110.085,25,2012,2012_02_W,Flat,pir
3,3/11/12,Las Vegas,43,Tony Stewart,7,Chevrolet,1.5,P,401,"5,624,358",190.456,8,33,137.524,16,2012,2012_03_W,Steep,las
4,3/18/12,Bristol,43,Brad Keselowski,5,Dodge,0.533,P,267,"4,866,774",125.215,5,49,93.037,13,2012,2012_04_W,Steep,bms
5,3/25/12,Fontana,43,Tony Stewart,9,Chevrolet,2,P,258,"5,147,478",186.403,1,5,160.166,9,2012,2012_05_W,Large Oval,cal
6,4/1/12,Martinsville,43,Ryan Newman,5,Chevrolet,0.526,P,271,"4,385,128",97.128,7,56,78.823,19,2012,2012_06_W,Flat,mar
7,4/14/12,Fort Worth,43,Greg Biffle,3,Ford,1.5,P,501,"6,339,443",190.369,2,10,160.577,18,2012,2012_07_W,Large Oval,tms
8,4/22/12,Kansas,43,Denny Hamlin,4,Toyota,1.5,P,401,"4,667,855",175.993,3,18,144.122,14,2012,2012_08_W,Large Oval,kan
9,4/28/12,Richmond,43,Kyle Busch,5,Toyota,0.75,P,300,"4,470,158",128.327,5,31,105.202,14,2012,2012_09_W,Flat,rir
10,5/6/12,Talladega,43,Brad Keselowski,13,Dodge,2.66,P,516,"5,350,420",191.623,5,24,160.192,34,2012,2012_10_W,Restrictor Plate Track,tal
11,5/12/12,Darlington,43,Jimmie Johnson,2,Chevrolet,1.366,P,503,"4,983,563",180.257,8,38,133.802,22,2012,2012_11_W,Steep,dar
12,5/27/12,Charlotte,43,Kasey Kahne,7,Chevrolet,1.5,P,600,"5,760,429",192.94,5,23,155.687,31,2012,2012_12_W,Large Oval,lms
13,6/3/12,Dover,43,Jimmie Johnson,2,Chevrolet,1,P,400,"5,172,267",158.297,7,32,122.835,17,2012,2012_13_W,Steep,dov
14,6/10/12,Pocono,43,Joey Logano,1,Toyota,2.5,P,400,"4,392,928",179.598,7,35,131.004,19,2012,2012_14_W,Flat,poc
15,6/17/12,Michigan,43,"Dale Earnhardt, Jr.",17,Chevrolet,2,P,400,"4,549,042",203.241,8,39,139.144,23,2012,2012_15_W,Large Oval,mis
16,6/24/12,Sonoma,43,Clint Bowyer,6,Toyota,1.99,R,223,"4,961,908",95.262,2,7,83.624,8,2012,2012_16_W,Road,spr
17,6/30/12,Kentucky,43,Brad Keselowski,8,Dodge,1.5,P,401,"4,411,322",181.818,4,24,145.607,17,2012,2012_17_W,Large Oval,ken
18,7/7/12,Daytona,43,Tony Stewart,42,Chevrolet,2.5,P,400,"5,490,002",192.386,6,23,157.653,12,2012,2012_18_W,Restrictor Plate Track,dis
19,7/15/12,Loudon,43,Kasey Kahne,2,Chevrolet,1.058,P,318,"4,657,332",133.417,3,15,116.226,16,2012,2012_19_W,Flat,nhi
20,7/29/12,Indianapolis,43,Jimmie Johnson,6,Chevrolet,2.5,P,400,"8,119,098",182.763,5,25,137.68,17,2012,2012_20_W,Flat,ims
21,8/5/12,Pocono,43,Jeff Gordon,27,Chevrolet,2.5,P,245,"4,392,928",176.043,3,14,139.249,13,2012,2012_21_W,Flat,poc
22,8/12/12,Watkins Glen,43,Marcos Ambrose,5,Ford,2.45,R,221,"4,336,200",127.02,4,13,98.145,10,2012,2012_22_W,Road,wgi
23,8/19/12,Michigan,43,Greg Biffle,13,Ford,2,P,402,"4,596,445",199.706,8,35,144.662,26,2012,2012_23_W,Large Oval,mis
24,8/25/12,Bristol,43,Denny Hamlin,8,Toyota,0.533,P,267,"5,511,414", ,13,87,84.402,22,2012,2012_24_W,Steep,bms
25,9/2/12,Atlanta,43,Denny Hamlin,7,Toyota,1.54,P,504,"5,451,505",186.121,6,31,142.02,18,2012,2012_25_W,Large Oval,ams
26,9/8/12,Richmond,43,Clint Bowyer,4,Toyota,0.75,P,300,"4,485,100",127.023,6,41,100.019,17,2012,2012_26_W,Flat,rir
27,9/16/12,Chicago,43,Brad Keselowski,13,Dodge,1.5,P,401,"5,317,911",182.865,4,23,143.363,16,2012,2012_27_W,Large Oval,chi
28,9/23/12,Loudon,43,Denny Hamlin,32,Toyota,1.058,P,317,"4,657,332",134.911,4,17,116.81,17,2012,2012_28_W,Flat,nhi
29,9/30/12,Dover,43,Brad Keselowski,10,Dodge,1,P,400,4543439,159.299,5,28,125.076,11,2012,2012_29_W,Steep,dov
30,10/7/12,Talladega,43,Matt Kenseth,15,Ford,2.66,P,503,4760004,191.455,5,17,171.194,54,2012,2012_30_W,Restrictor Plate Track,tal
31,10/13/12,Charlotte,43,Clint Bowyer,4,Toyota,1.5,P,501,4604528,193.708,5,23,154.935,20,2012,2012_31_W,Large Oval,lms
32,10/21/12,Kansas,43,Matt Kenseth,12,Ford,1.5,P,401,5366411,191.36,14,66,115.086,16,2012,2012_32_W,Large Oval,kan
33,10/28/12,Martinsville,43,Jimmie Johnson,1,Chevrolet,0.526,P,263,4345104,97.598,11,64,77.677,22,2012,2012_33_W,Flat,mar
34,11/4/12,Fort Worth,43,Jimmie Johnson,1,Chevrolet,1.5,P,503,6127266,191.076,9,49,136.117,20,2012,2012_34_W,Large Oval,tms
35,11/11/12,Phoenix,43,Kevin Harvick,19,Chevrolet,1,P,319,4439354,138.766,8,38,111.182,11,2012,2012_35_W,Flat,pir
36,11/18/12,Homestead,43,Jeff Gordon,15,Chevrolet,1.5,P,401,4648579,176.056,3,17,142.245,19,2012,2012_36_W,Steep,hms
1,2/24/13,Daytona,43,Jimmie Johnson,9,Chevrolet,2.5,P,500,17678827,196.434,6,24,159.25,28,2013,2013_01_W,Restrictor Plate Track,dis
2,3/3/13,Phoenix,43,Carl Edwards,15,Ford,1,P,316,4575592,138.074,8,43,105.187,12,2013,2013_02_W,Flat,pir
3,3/10/13,Las Vegas,,,,,,,,,,,,,,2013,2013_03_W,Steep,las
4,3/17/13,Bristol,,,,,,,,,,,,,,2013,2013_04_W,Steep,bms
5,3/24/13,Fontana,,,,,,,,,,,,,,2013,2013_05_W,Large Oval,cal
6,4/7/13,Martinsville,,,,,,,,,,,,,,2013,2013_06_W,Flat,mar
7,4/13/13,Fort Worth,,,,,,,,,,,,,,2013,2013_07_W,Large Oval,tms
8,4/21/13,Kansas,,,,,,,,,,,,,,2013,2013_08_W,Large Oval,kan
9,4/27/13,Richmond,,,,,,,,,,,,,,2013,2013_09_W,Flat,rir
10,5/5/13,Talladega,,,,,,,,,,,,,,2013,2013_10_W,Restrictor Plate Track,tal
11,5/11/13,Darlington,,,,,,,,,,,,,,2013,2013_11_W,Steep,dar
12,5/26/13,Charlotte,,,,,,,,,,,,,,2013,2013_12_W,Large Oval,lms
13,6/2/13,Dover,,,,,,,,,,,,,,2013,2013_13_W,Steep,dov
14,6/9/13,Pocono,,,,,,,,,,,,,,2013,2013_14_W,Flat,poc
15,6/16/13,Michigan,,,,,,,,,,,,,,2013,2013_15_W,Large Oval,mis
16,6/23/13,Sonoma,,,,,,,,,,,,,,2013,2013_16_W,Road,spr
17,6/29/13,Kentucky,,,,,,,,,,,,,,2013,2013_17_W,Large Oval,ken
18,7/6/13,Daytona,,,,,,,,,,,,,,2013,2013_18_W,Restrictor Plate Track,dis
19,7/14/13,Loudon,,,,,,,,,,,,,,2013,2013_19_W,Flat,nhi
20,7/28/13,Indianapolis,,,,,,,,,,,,,,2013,2013_20_W,Flat,ims
21,8/4/13,Pocono,,,,,,,,,,,,,,2013,2013_21_W,Flat,poc
22,8/11/13,Watkins Glen,,,,,,,,,,,,,,2013,2013_22_W,Road,wgi
23,8/18/13,Michigan,,,,,,,,,,,,,,2013,2013_23_W,Large Oval,mis
24,8/24/13,Bristol,,,,,,,,,,,,,,2013,2013_24_W,Steep,bms
25,9/1/13,Atlanta,,,,,,,,,,,,,,2013,2013_25_W,Large Oval,ams
26,9/7/13,Richmond,,,,,,,,,,,,,,2013,2013_26_W,Flat,rir
27,9/15/13,Chicago,,,,,,,,,,,,,,2013,2013_27_W,Large Oval,chi
28,9/22/13,Loudon,,,,,,,,,,,,,,2013,2013_28_W,Flat,nhi
29,9/29/13,Dover,,,,,,,,,,,,,,2013,2013_29_W,Steep,dov
30,10/6/13,Kansas,,,,,,,,,,,,,,2013,2013_30_W,Large Oval,kan
31,10/12/13,Charlotte,,,,,,,,,,,,,,2013,2013_31_W,Large Oval,lms
32,10/20/13,Talladega,,,,,,,,,,,,,,2013,2013_32_W,Restrictor Plate Track,tal
33,10/27/13,Martinsville,,,,,,,,,,,,,,2013,2013_33_W,Flat,mar
34,11/3/13,Fort Worth,,,,,,,,,,,,,,2013,2013_34_W,Large Oval,tms
35,11/10/13,Phoenix,,,,,,,,,,,,,,2013,2013_35_W,Flat,pir
36,11/17/13,Homestead,,,,,,,,,,,,,,2013,2013_36_W,Steep,hms