Track,Track Type,Track Type 2,Josh Track Type
Atlanta,Intermediate Track (Tri-Oval),Large Oval,4
Bristol,Short Track,Steep,Concrete
Fontana,Intermediate Track (other),Large Oval,5
Charlotte,Intermediate Track (Tri-Oval),Large Oval,4
Chicago,Intermediate Track (Tri-Oval),Large Oval,4
Darlington,Intermediate Track (other),Steep,
Daytona,Restrictor Plate Track,Restrictor Plate Track,6
Dover,Intermediate Track (other),Steep,Concrete
Homestead,Intermediate Track (other),Steep,
Indianapolis,Flat Track,Flat,2
Kansas,Intermediate Track (Tri-Oval),Large Oval,4
Kentucky,Intermediate Track (Tri-Oval),Large Oval,4
Las Vegas,Intermediate Track (Tri-Oval),Steep,4
Martinsville,Short Track,Flat,3
Michigan,Intermediate Track (other),Large Oval,5
Loudon,Flat Track,Flat,1
Phoenix,Flat Track,Flat,1
Pocono,Flat Track,Flat,2
Richmond,Short Track,Flat,1
Sonoma,Road Course,Road,3
Talladega,Restrictor Plate Track,Restrictor Plate Track,6
Fort Worth,Intermediate Track (Tri-Oval),Large Oval,4
Watkins Glen,Road Course,Road,3
Rockingham,Intermediate Track (other),Steep,
